"DESCRIPTION","DURATION IN MS","NAME","PARENT SUITE","START TIME","STATUS","STOP TIME","SUB SUITE","SUITE","TEST CLASS","TEST METHOD"
"","4612","saving a preset writes to localStorage and renders chip (AC2, AC3)","chromium","2026-05-17","passed","2026-05-17","Save Filter Presets (Feature 006)","filter-presets.spec.ts","",""
"","4393","hero search input is visible on page load","chromium","2026-05-17","passed","2026-05-17","Search — Hero bar","search.spec.ts","",""
"","5299","filter drawer open state matches baseline","chromium","2026-05-17","passed","2026-05-17","Visual regression","visual.spec.ts","",""
"","9284","clicking 'Expiring Soon' chip sets sort=expiringSoon","chromium","2026-05-17","passed","2026-05-17","Search — Hero bar","search.spec.ts","",""
"","4712","scroll buttons appear and scroll correctly (AC5, AC6)","Mobile Chrome","2026-05-17","passed","2026-05-17","Search UX Overhaul (Feature 017) > Scroll buttons (AC5, AC6)","search-ux.spec.ts","",""
"","9280","pressing Enter in hero input sets ?q= param","chromium","2026-05-17","passed","2026-05-17","Search — Hero bar","search.spec.ts","",""
"","4515","AC8 — 'All' chip always present in FilterDrawer","Mobile Chrome","2026-05-17","passed","2026-05-17","Dynamic Category Filters (Feature 030)","categories.spec.ts","",""
"","4378","page title is set (basic SEO / document readiness)","chromium","2026-05-17","passed","2026-05-17","Mobile Performance SLA — Feature 018","mobile-performance-sla.spec.ts","",""
"","4383","page has no horizontal overflow (CLS proxy, AC3)","chromium","2026-05-17","passed","2026-05-17","Mobile Performance SLA — Feature 018","mobile-performance-sla.spec.ts","",""
"","14","health endpoint returns 200 with db status when DB is available","chromium","2026-05-17","passed","2026-05-17","Atlas Warmup — /api/health endpoint (Feature 012)","atlas-warmup-cron.spec.ts","",""
"","4388","hero section is visible on page load","Mobile Chrome","2026-05-17","passed","2026-05-17","Offer Listing (Feature 001)","offers.spec.ts","",""
"","4409","pagination next-page re-renders grid within 500 ms","chromium","2026-05-17","skipped","2026-05-17","Interaction performance budgets (spec 029)","interaction-timing.spec.ts","",""
"","4586","bank filter re-renders grid within 500 ms","Mobile Chrome","2026-05-17","passed","2026-05-17","Interaction performance budgets (spec 029)","interaction-timing.spec.ts","",""
"","4397","scroll-to-top button has correct aria-label (AC6)","chromium","2026-05-17","passed","2026-05-17","Search UX Overhaul (Feature 017) > Scroll buttons (AC5, AC6)","search-ux.spec.ts","",""
"","9299","applying a filter keeps hero section mounted","chromium","2026-05-17","passed","2026-05-17","Search UX Overhaul (Feature 017) > Partial-page refresh (AC4)","search-ux.spec.ts","",""
"","4379","page title is set (basic SEO / document readiness)","Mobile Chrome","2026-05-17","passed","2026-05-17","Mobile Performance SLA — Feature 018","mobile-performance-sla.spec.ts","",""
"","4397","pagination next-page re-renders grid within 500 ms","Mobile Chrome","2026-05-17","skipped","2026-05-17","Interaction performance budgets (spec 029)","interaction-timing.spec.ts","",""
"","4408","sidebar ad wrapper is hidden on mobile viewport (AC3)","Mobile Chrome","2026-05-17","passed","2026-05-17","AdSense Integration (Feature 014)","adsense.spec.ts","",""
"","4895","filter drawer opens and closes within 500 ms","chromium","2026-05-17","passed","2026-05-17","Interaction performance budgets (spec 029)","interaction-timing.spec.ts","",""
"","9283","clicking 'Dining' suggestion chip sets category=dining","Mobile Chrome","2026-05-17","passed","2026-05-17","Search — Hero bar","search.spec.ts","",""
"","4909","pagination-controls renders when DB has multiple pages","chromium","2026-05-17","passed","2026-05-17","Structural sanity","visual.spec.ts","",""
"","9284","typing and pressing Enter sets ?q= param","Mobile Chrome","2026-05-17","passed","2026-05-17","Search — Hero bar","search.spec.ts","",""
"","4391","empty state shown when no offers match filter","Mobile Chrome","2026-05-17","passed","2026-05-17","Offer Listing (Feature 001)","offers.spec.ts","",""
"","9","filter drawer open state matches baseline","Mobile Chrome","2026-05-17","skipped","2026-05-17","Visual regression","visual.spec.ts","",""
"","9300","chip click updates URL to preset filters (AC4)","Mobile Chrome","2026-05-17","passed","2026-05-17","Save Filter Presets (Feature 006)","filter-presets.spec.ts","",""
"","4395","page has no horizontal overflow (CLS proxy, AC3)","Mobile Chrome","2026-05-17","passed","2026-05-17","Mobile Performance SLA — Feature 018","mobile-performance-sla.spec.ts","",""
"","9305","clicking 'Dining' suggestion chip sets category=dining","chromium","2026-05-17","passed","2026-05-17","Search — Hero bar","search.spec.ts","",""
"","4397","dark class applied to html element when theme=dark","Mobile Chrome","2026-05-17","passed","2026-05-17","Dark Mode (Feature 007)","dark-mode.spec.ts","",""
"","4399","suggestion chips are visible","Mobile Chrome","2026-05-17","passed","2026-05-17","Search — Hero bar","search.spec.ts","",""
"","4383","no horizontal scrollbar on load (layout stability proxy for CLS)","Mobile Chrome","2026-05-17","passed","2026-05-17","Performance (Feature 004)","performance.spec.ts","",""
"","4400","offer grid renders within 10 s (AC4: LCP proxy)","chromium","2026-05-17","passed","2026-05-17","Performance (Feature 004)","performance.spec.ts","",""
"","5011","hero search bar matches baseline","chromium","2026-05-17","passed","2026-05-17","Visual regression","visual.spec.ts","",""
"","4712","scroll buttons appear and scroll correctly (AC5, AC6)","chromium","2026-05-17","passed","2026-05-17","Search UX Overhaul (Feature 017) > Scroll buttons (AC5, AC6)","search-ux.spec.ts","",""
"","9678","AC7 — selecting a dynamic category chip sets ?category= URL param","Mobile Chrome","2026-05-17","passed","2026-05-17","Dynamic Category Filters (Feature 030)","categories.spec.ts","",""
"","9","critical data-testid elements are visible","Mobile Chrome","2026-05-17","skipped","2026-05-17","Structural sanity","visual.spec.ts","",""
"","4399","scroll-to-grid button has correct aria-label (AC5)","Mobile Chrome","2026-05-17","passed","2026-05-17","Search UX Overhaul (Feature 017) > Scroll buttons (AC5, AC6)","search-ux.spec.ts","",""
"","4910","critical data-testid elements are visible","chromium","2026-05-17","passed","2026-05-17","Structural sanity","visual.spec.ts","",""
"","4407","no FOUC — html has dark class before first paint","Mobile Chrome","2026-05-17","passed","2026-05-17","Dark Mode (Feature 007)","dark-mode.spec.ts","",""
"","4903","offer grid matches baseline","chromium","2026-05-17","passed","2026-05-17","Visual regression","visual.spec.ts","",""
"","14176","clear button appears after typing and clears ?q= on click","Mobile Chrome","2026-05-17","passed","2026-05-17","Search — Hero bar","search.spec.ts","",""
"","5034","empty state matches baseline","chromium","2026-05-17","passed","2026-05-17","Visual regression","visual.spec.ts","",""
"","4423","sidebar ad wrapper is present in DOM on desktop viewport (AC3)","chromium","2026-05-17","passed","2026-05-17","AdSense Integration (Feature 014)","adsense.spec.ts","",""
"","9633","filter by bank updates URL params","Mobile Chrome","2026-05-17","passed","2026-05-17","Offer Listing (Feature 001)","offers.spec.ts","",""
"","12","hero search bar matches baseline","Mobile Chrome","2026-05-17","skipped","2026-05-17","Visual regression","visual.spec.ts","",""
"","4598","clear all filters re-renders grid within 500 ms","Mobile Chrome","2026-05-17","passed","2026-05-17","Interaction performance budgets (spec 029)","interaction-timing.spec.ts","",""
"","9","pagination-controls renders when DB has multiple pages","Mobile Chrome","2026-05-17","skipped","2026-05-17","Structural sanity","visual.spec.ts","",""
"","4631","saving a preset writes to localStorage and renders chip (AC2, AC3)","Mobile Chrome","2026-05-17","passed","2026-05-17","Save Filter Presets (Feature 006)","filter-presets.spec.ts","",""
"","4396","scroll-to-top button has correct aria-label (AC6)","Mobile Chrome","2026-05-17","passed","2026-05-17","Search UX Overhaul (Feature 017) > Scroll buttons (AC5, AC6)","search-ux.spec.ts","",""
"","4403","offer grid renders within 10 s on simulated mobile (LCP proxy, AC3)","Mobile Chrome","2026-05-17","passed","2026-05-17","Mobile Performance SLA — Feature 018","mobile-performance-sla.spec.ts","",""
"","4411","dark class applied to html element when theme=dark","chromium","2026-05-17","passed","2026-05-17","Dark Mode (Feature 007)","dark-mode.spec.ts","",""
"","4400","filter section is visible on page load","chromium","2026-05-17","passed","2026-05-17","Offer Listing (Feature 001)","offers.spec.ts","",""
"","4427","page loads without AdSense errors by default (ADSENSE_ENABLED unset)","Mobile Chrome","2026-05-17","passed","2026-05-17","AdSense Integration (Feature 014)","adsense.spec.ts","",""
"","4407","theme toggle button is visible in the header","chromium","2026-05-17","passed","2026-05-17","Dark Mode (Feature 007)","dark-mode.spec.ts","",""
"","10","offer grid matches baseline","Mobile Chrome","2026-05-17","skipped","2026-05-17","Visual regression","visual.spec.ts","",""
"","9657","AC7 — selecting a dynamic category chip sets ?category= URL param","chromium","2026-05-17","passed","2026-05-17","Dynamic Category Filters (Feature 030)","categories.spec.ts","",""
"","4410","sidebar ad wrapper is present in DOM on desktop viewport (AC3)","Mobile Chrome","2026-05-17","passed","2026-05-17","AdSense Integration (Feature 014)","adsense.spec.ts","",""
"","4398","hero section is visible on page load","chromium","2026-05-17","passed","2026-05-17","Offer Listing (Feature 001)","offers.spec.ts","",""
"","9635","filter by bank updates URL params","chromium","2026-05-17","passed","2026-05-17","Offer Listing (Feature 001)","offers.spec.ts","",""
"","8743","save button visible when filters active, hidden when none (AC1)","chromium","2026-05-17","passed","2026-05-17","Save Filter Presets (Feature 006)","filter-presets.spec.ts","",""
"","5291","search UX — typeahead works end to end (AC1, AC2)","Mobile Chrome","2026-05-17","passed","2026-05-17","Search UX Overhaul (Feature 017) > Typeahead (AC1, AC2)","search-ux.spec.ts","",""
"","4400","offer grid renders within 10 s on simulated mobile (LCP proxy, AC3)","chromium","2026-05-17","passed","2026-05-17","Mobile Performance SLA — Feature 018","mobile-performance-sla.spec.ts","",""
"","5293","search UX — typeahead works end to end (AC1, AC2)","chromium","2026-05-17","passed","2026-05-17","Search UX Overhaul (Feature 017) > Typeahead (AC1, AC2)","search-ux.spec.ts","",""
"","14186","clear button appears after typing and clears ?q= on click","chromium","2026-05-17","passed","2026-05-17","Search — Hero bar","search.spec.ts","",""
"","4393","expired offers not shown on initial load - no includeExpired param in default request","chromium","2026-05-17","passed","2026-05-17","Offer Listing (Feature 001)","offers.spec.ts","",""
"","9678","AC7 — category filter round-trip: select → URL updates → active chip shows","Mobile Chrome","2026-05-17","passed","2026-05-17","Dynamic Category Filters (Feature 030)","categories.spec.ts","",""
"","13959","AC8 — clicking 'All' clears the category filter","chromium","2026-05-17","passed","2026-05-17","Dynamic Category Filters (Feature 030)","categories.spec.ts","",""
"","4400","offer grid renders within 10 s (AC4: LCP proxy)","Mobile Chrome","2026-05-17","passed","2026-05-17","Performance (Feature 004)","performance.spec.ts","",""
"","9288","pressing Enter in hero input sets ?q= param","Mobile Chrome","2026-05-17","passed","2026-05-17","Search — Hero bar","search.spec.ts","",""
"","4398","expired offers not shown on initial load - no includeExpired param in default request","Mobile Chrome","2026-05-17","passed","2026-05-17","Offer Listing (Feature 001)","offers.spec.ts","",""
"","4405","hero search input is visible on page load","Mobile Chrome","2026-05-17","passed","2026-05-17","Search — Hero bar","search.spec.ts","",""
"","30","health endpoint returns expected JSON shape","chromium","2026-05-17","passed","2026-05-17","Atlas Warmup — /api/health endpoint (Feature 012)","atlas-warmup-cron.spec.ts","",""
"","4622","clear all filters re-renders grid within 500 ms","chromium","2026-05-17","passed","2026-05-17","Interaction performance budgets (spec 029)","interaction-timing.spec.ts","",""
"","4420","delete chip removes it from UI and localStorage (AC5)","chromium","2026-05-17","passed","2026-05-17","Save Filter Presets (Feature 006)","filter-presets.spec.ts","",""
"","4667","bank filter re-renders grid within 500 ms","chromium","2026-05-17","passed","2026-05-17","Interaction performance budgets (spec 029)","interaction-timing.spec.ts","",""
"","4399","scroll-to-grid button has correct aria-label (AC5)","chromium","2026-05-17","passed","2026-05-17","Search UX Overhaul (Feature 017) > Scroll buttons (AC5, AC6)","search-ux.spec.ts","",""
"","4395","suggestion chips are visible","chromium","2026-05-17","passed","2026-05-17","Search — Hero bar","search.spec.ts","",""
"","4878","filter drawer opens and closes within 500 ms","Mobile Chrome","2026-05-17","passed","2026-05-17","Interaction performance budgets (spec 029)","interaction-timing.spec.ts","",""
"","27","health endpoint returns expected JSON shape","Mobile Chrome","2026-05-17","passed","2026-05-17","Atlas Warmup — /api/health endpoint (Feature 012)","atlas-warmup-cron.spec.ts","",""
"","4405","empty state shown when no offers match filter","chromium","2026-05-17","passed","2026-05-17","Offer Listing (Feature 001)","offers.spec.ts","",""
"","8742","save button visible when filters active, hidden when none (AC1)","Mobile Chrome","2026-05-17","passed","2026-05-17","Save Filter Presets (Feature 006)","filter-presets.spec.ts","",""
"","17","empty state matches baseline","Mobile Chrome","2026-05-17","skipped","2026-05-17","Visual regression","visual.spec.ts","",""
"","4423","delete chip removes it from UI and localStorage (AC5)","Mobile Chrome","2026-05-17","passed","2026-05-17","Save Filter Presets (Feature 006)","filter-presets.spec.ts","",""
"","4400","page has preconnect resource hint for logo CDN (AC5)","chromium","2026-05-17","passed","2026-05-17","Mobile Performance SLA — Feature 018","mobile-performance-sla.spec.ts","",""
"","4385","no horizontal scrollbar on load (layout stability proxy for CLS)","chromium","2026-05-17","passed","2026-05-17","Performance (Feature 004)","performance.spec.ts","",""
"","4389","filter section is visible on page load","Mobile Chrome","2026-05-17","passed","2026-05-17","Offer Listing (Feature 001)","offers.spec.ts","",""
"","4526","AC8 — 'All' chip always present in FilterDrawer","chromium","2026-05-17","passed","2026-05-17","Dynamic Category Filters (Feature 030)","categories.spec.ts","",""
"","10","/api/ping responds without a 500 error (AC: warmup cron target)","chromium","2026-05-17","passed","2026-05-17","Performance (Feature 004)","performance.spec.ts","",""
"","9294","clicking 'Expiring Soon' chip sets sort=expiringSoon","Mobile Chrome","2026-05-17","passed","2026-05-17","Search — Hero bar","search.spec.ts","",""
"","4454","page loads without AdSense errors by default (ADSENSE_ENABLED unset)","chromium","2026-05-17","passed","2026-05-17","AdSense Integration (Feature 014)","adsense.spec.ts","",""
"","4424","sidebar ad wrapper is hidden on mobile viewport (AC3)","chromium","2026-05-17","passed","2026-05-17","AdSense Integration (Feature 014)","adsense.spec.ts","",""
"","9279","typing and pressing Enter sets ?q= param","chromium","2026-05-17","passed","2026-05-17","Search — Hero bar","search.spec.ts","",""
"","4397","page has dns-prefetch hints for image CDNs (AC5)","Mobile Chrome","2026-05-17","passed","2026-05-17","Mobile Performance SLA — Feature 018","mobile-performance-sla.spec.ts","",""
"","13952","AC8 — clicking 'All' clears the category filter","Mobile Chrome","2026-05-17","passed","2026-05-17","Dynamic Category Filters (Feature 030)","categories.spec.ts","",""
"","8","health endpoint returns 200 with db status when DB is available","Mobile Chrome","2026-05-17","passed","2026-05-17","Atlas Warmup — /api/health endpoint (Feature 012)","atlas-warmup-cron.spec.ts","",""
"","4408","theme toggle button is visible in the header","Mobile Chrome","2026-05-17","passed","2026-05-17","Dark Mode (Feature 007)","dark-mode.spec.ts","",""
"","4400","page has dns-prefetch hints for image CDNs (AC5)","chromium","2026-05-17","passed","2026-05-17","Mobile Performance SLA — Feature 018","mobile-performance-sla.spec.ts","",""
"","14174","manually erasing input to empty clears ?q= from URL","Mobile Chrome","2026-05-17","passed","2026-05-17","Search — Hero bar","search.spec.ts","",""
"","4393","page has preconnect resource hint for logo CDN (AC5)","Mobile Chrome","2026-05-17","passed","2026-05-17","Mobile Performance SLA — Feature 018","mobile-performance-sla.spec.ts","",""
"","14180","manually erasing input to empty clears ?q= from URL","chromium","2026-05-17","passed","2026-05-17","Search — Hero bar","search.spec.ts","",""
"","10","/api/ping responds without a 500 error (AC: warmup cron target)","Mobile Chrome","2026-05-17","passed","2026-05-17","Performance (Feature 004)","performance.spec.ts","",""
"","4618","category filter re-renders grid within 500 ms","Mobile Chrome","2026-05-17","passed","2026-05-17","Interaction performance budgets (spec 029)","interaction-timing.spec.ts","",""
"","9290","chip click updates URL to preset filters (AC4)","chromium","2026-05-17","passed","2026-05-17","Save Filter Presets (Feature 006)","filter-presets.spec.ts","",""
"","4301","/api/offers response includes _timing field (AC3: observability)","Mobile Chrome","2026-05-17","passed","2026-05-17","Performance (Feature 004)","performance.spec.ts","",""
"","9289","applying a filter keeps hero section mounted","Mobile Chrome","2026-05-17","passed","2026-05-17","Search UX Overhaul (Feature 017) > Partial-page refresh (AC4)","search-ux.spec.ts","",""
"","4301","/api/offers response includes _timing field (AC3: observability)","chromium","2026-05-17","passed","2026-05-17","Performance (Feature 004)","performance.spec.ts","",""
"","4392","page loads and shows offer grid","Mobile Chrome","2026-05-17","passed","2026-05-17","Offer Listing (Feature 001)","offers.spec.ts","",""
"","4395","page loads and shows offer grid","chromium","2026-05-17","passed","2026-05-17","Offer Listing (Feature 001)","offers.spec.ts","",""
"","4701","category filter re-renders grid within 500 ms","chromium","2026-05-17","passed","2026-05-17","Interaction performance budgets (spec 029)","interaction-timing.spec.ts","",""
"","9653","AC7 — category filter round-trip: select → URL updates → active chip shows","chromium","2026-05-17","passed","2026-05-17","Dynamic Category Filters (Feature 030)","categories.spec.ts","",""
"","4404","no FOUC — html has dark class before first paint","chromium","2026-05-17","passed","2026-05-17","Dark Mode (Feature 007)","dark-mode.spec.ts","",""
